seed	injection_rate	fault_type	fdr
42	0.10	wrong_tool	1.000
123	0.10	wrong_tool	1.000
456	0.10	wrong_tool	1.000
789	0.10	wrong_tool	1.000
1024	0.10	wrong_tool	1.000
42	0.10	hallucination	1.000
123	0.10	hallucination	1.000
456	0.10	hallucination	1.000
789	0.10	hallucination	1.000
1024	0.10	hallucination	1.000
42	0.10	infinite_loop	0.000
123	0.10	infinite_loop	0.500
456	0.10	infinite_loop	1.000
789	0.10	infinite_loop	1.000
1024	0.10	infinite_loop	1.000
42	0.10	context_overflow	0.000
123	0.10	context_overflow	0.000
456	0.10	context_overflow	1.000
789	0.10	context_overflow	1.000
1024	0.10	context_overflow	1.000
42	0.10	cost_explosion	1.000
123	0.10	cost_explosion	1.000
456	0.10	cost_explosion	1.000
789	0.10	cost_explosion	1.000
1024	0.10	cost_explosion	1.000
42	0.10	circular_delegation	0.000
123	0.10	circular_delegation	0.000
456	0.10	circular_delegation	1.000
789	0.10	circular_delegation	1.000
1024	0.10	circular_delegation	1.000
42	0.10	tool_failure	1.000
123	0.10	tool_failure	1.000
456	0.10	tool_failure	1.000
789	0.10	tool_failure	1.000
1024	0.10	tool_failure	1.000
42	0.10	timeout	1.000
123	0.10	timeout	1.000
456	0.10	timeout	1.000
789	0.10	timeout	1.000
1024	0.10	timeout	1.000
42	0.10	stale_retrieval	1.000
123	0.10	stale_retrieval	1.000
456	0.10	stale_retrieval	1.000
789	0.10	stale_retrieval	1.000
1024	0.10	stale_retrieval	1.000
42	0.10	guardrail_bypass	1.000
123	0.10	guardrail_bypass	1.000
456	0.10	guardrail_bypass	1.000
789	0.10	guardrail_bypass	1.000
1024	0.10	guardrail_bypass	1.000
42	0.10	planning_failure	1.000
123	0.10	planning_failure	1.000
456	0.10	planning_failure	1.000
789	0.10	planning_failure	1.000
1024	0.10	planning_failure	1.000
42	0.10	reasoning_loop	1.000
123	0.10	reasoning_loop	1.000
456	0.10	reasoning_loop	1.000
789	0.10	reasoning_loop	1.000
1024	0.10	reasoning_loop	1.000
42	0.10	agent_misroute	1.000
123	0.10	agent_misroute	1.000
456	0.10	agent_misroute	1.000
789	0.10	agent_misroute	1.000
1024	0.10	agent_misroute	1.000
42	0.10	memory_corruption	1.000
123	0.10	memory_corruption	1.000
456	0.10	memory_corruption	1.000
789	0.10	memory_corruption	1.000
1024	0.10	memory_corruption	1.000
42	0.25	wrong_tool	1.000
123	0.25	wrong_tool	1.000
456	0.25	wrong_tool	1.000
789	0.25	wrong_tool	1.000
1024	0.25	wrong_tool	1.000
42	0.25	hallucination	1.000
123	0.25	hallucination	1.000
456	0.25	hallucination	1.000
789	0.25	hallucination	1.000
1024	0.25	hallucination	1.000
42	0.25	infinite_loop	0.000
123	0.25	infinite_loop	0.000
456	0.25	infinite_loop	1.000
789	0.25	infinite_loop	1.000
1024	0.25	infinite_loop	1.000
42	0.25	context_overflow	0.000
123	0.25	context_overflow	0.000
456	0.25	context_overflow	1.000
789	0.25	context_overflow	1.000
1024	0.25	context_overflow	1.000
42	0.25	cost_explosion	1.000
123	0.25	cost_explosion	1.000
456	0.25	cost_explosion	1.000
789	0.25	cost_explosion	1.000
1024	0.25	cost_explosion	1.000
42	0.25	circular_delegation	0.500
123	0.25	circular_delegation	0.500
456	0.25	circular_delegation	1.000
789	0.25	circular_delegation	1.000
1024	0.25	circular_delegation	1.000
42	0.25	tool_failure	1.000
123	0.25	tool_failure	1.000
456	0.25	tool_failure	1.000
789	0.25	tool_failure	1.000
1024	0.25	tool_failure	1.000
42	0.25	timeout	1.000
123	0.25	timeout	1.000
456	0.25	timeout	1.000
789	0.25	timeout	1.000
1024	0.25	timeout	1.000
42	0.25	stale_retrieval	1.000
123	0.25	stale_retrieval	1.000
456	0.25	stale_retrieval	1.000
789	0.25	stale_retrieval	1.000
1024	0.25	stale_retrieval	1.000
42	0.25	guardrail_bypass	1.000
123	0.25	guardrail_bypass	1.000
456	0.25	guardrail_bypass	1.000
789	0.25	guardrail_bypass	1.000
1024	0.25	guardrail_bypass	1.000
42	0.25	planning_failure	1.000
123	0.25	planning_failure	1.000
456	0.25	planning_failure	1.000
789	0.25	planning_failure	1.000
1024	0.25	planning_failure	1.000
42	0.25	reasoning_loop	1.000
123	0.25	reasoning_loop	1.000
456	0.25	reasoning_loop	1.000
789	0.25	reasoning_loop	1.000
1024	0.25	reasoning_loop	1.000
42	0.25	agent_misroute	1.000
123	0.25	agent_misroute	1.000
456	0.25	agent_misroute	1.000
789	0.25	agent_misroute	1.000
1024	0.25	agent_misroute	1.000
42	0.25	memory_corruption	1.000
123	0.25	memory_corruption	1.000
456	0.25	memory_corruption	1.000
789	0.25	memory_corruption	1.000
1024	0.25	memory_corruption	1.000
42	0.50	wrong_tool	1.000
123	0.50	wrong_tool	1.000
456	0.50	wrong_tool	1.000
789	0.50	wrong_tool	1.000
1024	0.50	wrong_tool	1.000
42	0.50	hallucination	1.000
123	0.50	hallucination	1.000
456	0.50	hallucination	1.000
789	0.50	hallucination	1.000
1024	0.50	hallucination	1.000
42	0.50	infinite_loop	1.000
123	0.50	infinite_loop	1.000
456	0.50	infinite_loop	0.500
789	0.50	infinite_loop	0.500
1024	0.50	infinite_loop	1.000
42	0.50	context_overflow	1.000
123	0.50	context_overflow	1.000
456	0.50	context_overflow	0.500
789	0.50	context_overflow	0.500
1024	0.50	context_overflow	1.000
42	0.50	cost_explosion	1.000
123	0.50	cost_explosion	1.000
456	0.50	cost_explosion	1.000
789	0.50	cost_explosion	1.000
1024	0.50	cost_explosion	1.000
42	0.50	circular_delegation	1.000
123	0.50	circular_delegation	1.000
456	0.50	circular_delegation	0.500
789	0.50	circular_delegation	0.000
1024	0.50	circular_delegation	0.000
42	0.50	tool_failure	1.000
123	0.50	tool_failure	1.000
456	0.50	tool_failure	1.000
789	0.50	tool_failure	1.000
1024	0.50	tool_failure	1.000
42	0.50	timeout	1.000
123	0.50	timeout	1.000
456	0.50	timeout	1.000
789	0.50	timeout	1.000
1024	0.50	timeout	1.000
42	0.50	stale_retrieval	1.000
123	0.50	stale_retrieval	1.000
456	0.50	stale_retrieval	1.000
789	0.50	stale_retrieval	1.000
1024	0.50	stale_retrieval	1.000
42	0.50	guardrail_bypass	1.000
123	0.50	guardrail_bypass	1.000
456	0.50	guardrail_bypass	1.000
789	0.50	guardrail_bypass	1.000
1024	0.50	guardrail_bypass	1.000
42	0.50	planning_failure	1.000
123	0.50	planning_failure	1.000
456	0.50	planning_failure	1.000
789	0.50	planning_failure	1.000
1024	0.50	planning_failure	1.000
42	0.50	reasoning_loop	1.000
123	0.50	reasoning_loop	1.000
456	0.50	reasoning_loop	1.000
789	0.50	reasoning_loop	1.000
1024	0.50	reasoning_loop	1.000
42	0.50	agent_misroute	1.000
123	0.50	agent_misroute	1.000
456	0.50	agent_misroute	1.000
789	0.50	agent_misroute	1.000
1024	0.50	agent_misroute	1.000
42	0.50	memory_corruption	1.000
123	0.50	memory_corruption	1.000
456	0.50	memory_corruption	1.000
789	0.50	memory_corruption	1.000
1024	0.50	memory_corruption	1.000
42	0.75	wrong_tool	1.000
123	0.75	wrong_tool	1.000
456	0.75	wrong_tool	1.000
789	0.75	wrong_tool	1.000
1024	0.75	wrong_tool	1.000
42	0.75	hallucination	1.000
123	0.75	hallucination	1.000
456	0.75	hallucination	1.000
789	0.75	hallucination	1.000
1024	0.75	hallucination	1.000
42	0.75	infinite_loop	1.000
123	0.75	infinite_loop	1.000
456	0.75	infinite_loop	0.000
789	0.75	infinite_loop	1.000
1024	0.75	infinite_loop	1.000
42	0.75	context_overflow	1.000
123	0.75	context_overflow	1.000
456	0.75	context_overflow	0.000
789	0.75	context_overflow	1.000
1024	0.75	context_overflow	1.000
42	0.75	cost_explosion	1.000
123	0.75	cost_explosion	1.000
456	0.75	cost_explosion	1.000
789	0.75	cost_explosion	1.000
1024	0.75	cost_explosion	1.000
42	0.75	circular_delegation	1.000
123	0.75	circular_delegation	1.000
456	0.75	circular_delegation	0.500
789	0.75	circular_delegation	1.000
1024	0.75	circular_delegation	0.000
42	0.75	tool_failure	1.000
123	0.75	tool_failure	1.000
456	0.75	tool_failure	1.000
789	0.75	tool_failure	1.000
1024	0.75	tool_failure	1.000
42	0.75	timeout	1.000
123	0.75	timeout	1.000
456	0.75	timeout	1.000
789	0.75	timeout	1.000
1024	0.75	timeout	1.000
42	0.75	stale_retrieval	1.000
123	0.75	stale_retrieval	1.000
456	0.75	stale_retrieval	1.000
789	0.75	stale_retrieval	1.000
1024	0.75	stale_retrieval	1.000
42	0.75	guardrail_bypass	1.000
123	0.75	guardrail_bypass	1.000
456	0.75	guardrail_bypass	1.000
789	0.75	guardrail_bypass	1.000
1024	0.75	guardrail_bypass	1.000
42	0.75	planning_failure	1.000
123	0.75	planning_failure	1.000
456	0.75	planning_failure	1.000
789	0.75	planning_failure	1.000
1024	0.75	planning_failure	1.000
42	0.75	reasoning_loop	1.000
123	0.75	reasoning_loop	1.000
456	0.75	reasoning_loop	1.000
789	0.75	reasoning_loop	1.000
1024	0.75	reasoning_loop	1.000
42	0.75	agent_misroute	1.000
123	0.75	agent_misroute	1.000
456	0.75	agent_misroute	1.000
789	0.75	agent_misroute	1.000
1024	0.75	agent_misroute	1.000
42	0.75	memory_corruption	1.000
123	0.75	memory_corruption	1.000
456	0.75	memory_corruption	1.000
789	0.75	memory_corruption	1.000
1024	0.75	memory_corruption	1.000
42	1.00	wrong_tool	1.000
123	1.00	wrong_tool	1.000
456	1.00	wrong_tool	1.000
789	1.00	wrong_tool	1.000
1024	1.00	wrong_tool	1.000
42	1.00	hallucination	1.000
123	1.00	hallucination	1.000
456	1.00	hallucination	1.000
789	1.00	hallucination	1.000
1024	1.00	hallucination	1.000
42	1.00	infinite_loop	1.000
123	1.00	infinite_loop	1.000
456	1.00	infinite_loop	1.000
789	1.00	infinite_loop	1.000
1024	1.00	infinite_loop	1.000
42	1.00	context_overflow	1.000
123	1.00	context_overflow	1.000
456	1.00	context_overflow	1.000
789	1.00	context_overflow	1.000
1024	1.00	context_overflow	1.000
42	1.00	cost_explosion	1.000
123	1.00	cost_explosion	1.000
456	1.00	cost_explosion	1.000
789	1.00	cost_explosion	1.000
1024	1.00	cost_explosion	1.000
42	1.00	circular_delegation	1.000
123	1.00	circular_delegation	1.000
456	1.00	circular_delegation	1.000
789	1.00	circular_delegation	1.000
1024	1.00	circular_delegation	1.000
42	1.00	tool_failure	1.000
123	1.00	tool_failure	1.000
456	1.00	tool_failure	1.000
789	1.00	tool_failure	1.000
1024	1.00	tool_failure	1.000
42	1.00	timeout	1.000
123	1.00	timeout	1.000
456	1.00	timeout	1.000
789	1.00	timeout	1.000
1024	1.00	timeout	1.000
42	1.00	stale_retrieval	1.000
123	1.00	stale_retrieval	1.000
456	1.00	stale_retrieval	1.000
789	1.00	stale_retrieval	1.000
1024	1.00	stale_retrieval	1.000
42	1.00	guardrail_bypass	1.000
123	1.00	guardrail_bypass	1.000
456	1.00	guardrail_bypass	1.000
789	1.00	guardrail_bypass	1.000
1024	1.00	guardrail_bypass	1.000
42	1.00	planning_failure	1.000
123	1.00	planning_failure	1.000
456	1.00	planning_failure	1.000
789	1.00	planning_failure	1.000
1024	1.00	planning_failure	1.000
42	1.00	reasoning_loop	1.000
123	1.00	reasoning_loop	1.000
456	1.00	reasoning_loop	1.000
789	1.00	reasoning_loop	1.000
1024	1.00	reasoning_loop	1.000
42	1.00	agent_misroute	1.000
123	1.00	agent_misroute	1.000
456	1.00	agent_misroute	1.000
789	1.00	agent_misroute	1.000
1024	1.00	agent_misroute	1.000
42	1.00	memory_corruption	1.000
123	1.00	memory_corruption	1.000
456	1.00	memory_corruption	1.000
789	1.00	memory_corruption	1.000
1024	1.00	memory_corruption	1.000
